Player Name,Team,Pos,Games,G,A,Pts,+/-,PIM,SOG,GWG,PPG,PPA,SHG,SHA,Hits,BS
Patrick Kane,CHI,RW,12,11,7,18,2,4,58,2,1,3,0,0,2,2
David Pastrnak,BOS,RW,12,11,5,16,6,4,56,0,3,3,0,0,6,1
Filip Forsberg,NSH,RW,12,10,4,14,11,6,43,1,3,0,0,0,12,7
Gabriel Landeskog,COL,LW,12,10,6,16,14,8,34,4,3,1,0,0,17,6
Auston Matthews,TOR,C,11,10,6,16,-1,2,38,2,4,1,0,0,4,10
Kyle Palmieri,NJ,RW,9,9,5,14,1,10,30,2,5,2,0,0,17,5
Nathan MacKinnon,COL,C,12,9,9,18,12,10,52,1,0,4,0,0,9,2
Connor McDavid,EDM,C,11,9,9,18,3,0,41,2,4,4,0,0,2,5
Timo Meier,SJ,LW,12,9,5,14,7,4,37,1,2,0,0,1,11,4
Viktor Arvidsson,NSH,LW,12,8,4,12,9,10,32,2,0,0,0,0,4,2
Elias Lindholm,CGY,RW,13,8,5,13,0,2,34,3,3,2,0,0,12,1
Alex Ovechkin,WAS,LW,10,8,6,14,0,2,39,1,4,4,0,0,25,3
Alex DeBrincat,CHI,RW,13,8,6,14,1,6,41,1,1,1,0,0,4,5
Elias Pettersson,VAN,C,8,7,3,10,3,2,19,1,2,2,0,0,5,7
Phil Kessel,PIT,RW,10,7,8,15,6,4,25,2,1,2,0,0,2,4
Patrice Bergeron,BOS,C,12,7,12,19,5,4,38,1,2,6,1,0,5,12
Jonathan Toews,CHI,C,13,7,5,12,5,6,40,1,1,0,0,0,8,2
John Tavares,TOR,C,12,7,6,13,2,6,43,1,2,1,0,0,11,11
Brendan Gallagher,MON,RW,11,7,1,8,3,4,35,3,1,0,0,0,22,4
Bo Horvat,VAN,C,14,7,3,10,-4,11,33,2,2,2,0,0,13,12
Micheal Ferland,CAR,LW,12,7,4,11,9,11,43,1,2,1,0,0,34,5
Brayden Point,TB,C,11,7,7,14,9,8,25,1,1,3,0,0,5,5
Leon Draisaitl,EDM,C,11,7,6,13,-1,2,24,2,2,4,0,0,6,3
Kasperi Kapanen,TOR,RW,12,6,4,10,6,2,26,1,0,0,0,0,14,3
Josh Anderson,CLS,RW,11,6,1,7,5,8,33,1,0,0,0,0,17,4
Dylan Larkin,DET,C,12,6,6,12,-5,10,41,0,1,1,2,0,12,8
Kyle Connor,WPG,LW,13,6,5,11,3,4,36,1,3,2,0,0,0,1
Mark Scheifele,WPG,C,13,6,7,13,3,16,31,0,3,3,0,0,4,11
Johnny Gaudreau,CGY,LW,13,6,10,16,1,0,40,2,1,5,0,0,2,1
Jonathan Marchessault,VGK,LW,12,6,6,12,5,8,52,1,1,2,0,0,11,2
Cam Atkinson,CLS,RW,11,6,5,11,-6,6,45,1,1,2,0,0,5,6
Mikael Granlund,MIN,C,12,6,6,12,0,2,26,2,1,4,1,0,3,7
Jeff Skinner,BUF,LW,12,6,6,12,10,2,34,1,0,3,0,0,3,5
Brock Nelson,NYI,C,11,6,1,7,5,4,23,0,0,0,0,0,4,11
Chris Kreider,NYR,LW,12,6,3,9,2,10,35,0,2,1,0,0,19,5
Logan Couture,SJ,C,12,6,8,14,1,2,31,1,1,1,0,0,7,12
Wayne Simmonds,PHI,RW,12,6,1,7,-6,18,28,1,2,1,0,0,23,7
Sidney Crosby,PIT,C,10,6,8,14,9,0,30,1,1,3,0,0,17,4
Evgeni Malkin,PIT,C,10,6,13,19,4,8,23,1,1,3,0,0,7,8
T.J. Oshie,WAS,RW,10,6,4,10,4,2,23,1,1,1,0,0,21,11
Patrik Laine,WPG,RW,13,6,2,8,-3,10,51,1,5,1,0,0,11,9
Matthew Tkachuk,CGY,LW,13,5,9,14,2,16,29,0,1,4,0,0,15,4
Clayton Keller,ARI,C,11,5,3,8,2,6,25,2,0,2,0,0,2,3
Jason Pominville,BUF,RW,12,5,5,10,6,0,27,0,1,1,0,0,2,1
Alexander Radulov,DAL,RW,7,5,6,11,0,8,18,0,1,4,0,0,12,6
David Perron,STL,RW,10,5,5,10,2,2,18,1,3,1,0,0,4,1
Michael Frolik,CGY,LW,12,5,0,5,2,10,18,0,0,0,1,0,11,6
Joe Pavelski,SJ,C,12,5,0,5,1,8,33,1,1,0,0,0,8,9
John Carlson,WAS,D,10,5,9,14,3,6,23,0,1,7,0,0,11,18
Evgenii Dadonov,FLA,RW,10,5,6,11,2,2,31,0,1,2,0,0,2,4
Vladimir Tarasenko,STL,RW,10,5,4,9,-7,0,45,0,3,1,0,0,7,4
Evgeny Kuznetsov,WAS,C,10,5,10,15,-1,12,33,0,5,3,0,0,11,4
Mike Hoffman,FLA,LW,10,5,3,8,-4,4,38,1,2,2,0,0,6,2
Tyler Johnson,TB,C,10,5,4,9,9,4,25,0,0,2,1,0,5,6
Mika Zibanejad,NYR,C,12,5,5,10,-2,10,49,1,2,2,1,0,22,15
Sean Monahan,CGY,C,13,5,9,14,1,0,33,0,3,1,0,0,0,5
John Klingberg,DAL,D,11,5,6,11,-1,2,30,2,2,3,0,0,4,10
Max Domi,MON,C,11,5,6,11,0,10,23,0,1,4,0,0,12,6
Nikita Kucherov,TB,RW,11,5,7,12,0,4,26,2,2,2,0,0,5,4
Tomas Hertl,SJ,LW,12,5,8,13,-2,4,34,0,2,0,1,1,7,6
Artemi Panarin,CLS,LW,11,5,10,15,3,4,39,3,0,3,0,0,2,3
Mikko Rantanen,COL,RW,12,5,16,21,14,10,29,0,2,2,0,0,11,11
Jake Guentzel,PIT,LW,10,5,2,7,4,2,25,0,1,0,0,0,14,7
Jake Virtanen,VAN,LW,14,5,2,7,1,10,27,0,1,0,0,0,31,9
Ryan Dzingel,OTT,C,9,4,3,7,-5,8,24,0,0,0,0,0,10,2
Yanni Gourde,TB,LW,11,4,8,12,4,7,22,2,3,1,0,0,11,5
Tyler Bertuzzi,DET,LW,12,4,3,7,-1,19,14,1,1,1,0,0,24,7
Christian Fischer,ARI,RW,11,4,0,4,0,10,27,0,0,0,0,0,13,1
Mitch Marner,TOR,C,12,4,12,16,1,4,33,0,1,4,0,0,7,7
Jack Eichel,BUF,C,12,4,8,12,-2,4,47,0,1,2,0,0,17,8
Andreas Athanasiou,DET,C,11,4,2,6,-4,4,36,0,1,2,0,0,3,2
Morgan Rielly,TOR,D,12,4,11,15,4,0,39,1,0,7,0,0,11,21
Adam Lowry,WPG,LW,13,4,1,5,3,9,24,1,0,0,1,0,39,11
Craig Smith,NSH,RW,12,4,2,6,1,4,37,0,1,0,0,0,4,2
Anthony Duclair,CLS,LW,11,4,2,6,-1,2,20,0,2,0,0,0,3,2
Pontus Aberg,ANH,LW,7,4,0,4,-1,4,10,0,1,0,0,0,11,3
Scott Laughton,PHI,C,12,4,1,5,1,16,19,0,0,0,0,0,13,5
Sean Couturier,PHI,C,12,4,0,4,-4,0,28,0,1,0,0,0,7,7
Anders Lee,NYI,C,11,4,7,11,6,17,31,1,4,1,0,0,13,10
Mark Stone,OTT,RW,11,4,4,8,0,6,22,1,1,3,0,0,13,10
Jason Zucker,MIN,LW,12,4,5,9,3,6,44,1,1,2,0,0,12,2
Alex Chiasson,EDM,RW,6,4,0,4,5,0,6,0,0,0,0,0,8,4
Jamie Benn,DAL,C,11,4,5,9,2,13,34,0,3,1,0,0,19,16
Paul Byron,MON,C,11,4,3,7,3,0,23,1,0,0,0,1,24,10
Matt Duchene,OTT,C,11,4,7,11,-2,0,24,0,1,1,0,0,5,8
Evander Kane,SJ,LW,12,4,6,10,-1,25,44,0,1,2,0,0,24,4
Patric Hornqvist,PIT,RW,10,4,2,6,2,0,30,1,1,0,0,0,18,5
Kris Letang,PIT,D,9,4,7,11,8,4,27,1,1,2,0,0,19,14
Jordan Staal,CAR,C,12,4,3,7,1,6,37,0,0,1,0,0,34,5
Brad Marchand,BOS,LW,12,4,11,15,4,32,22,2,2,3,0,1,6,1
Carl Soderberg,COL,C,12,4,3,7,-2,4,25,0,2,2,0,0,6,10
Valtteri Filppula,NYI,C,11,4,3,7,3,0,9,1,0,0,1,0,2,4
Eric Staal,MIN,C,12,4,6,10,-4,10,37,1,2,1,0,1,6,6
Zach Parise,MIN,LW,12,4,8,12,6,6,35,0,1,1,0,2,10,15
Alexander Steen,STL,LW,10,4,3,7,-4,4,21,0,1,3,0,0,11,13
Pierre-Luc Dubois,CLS,LW,11,4,4,8,-2,18,24,0,1,1,0,0,17,10
Sebastian Aho,CAR,LW,12,4,13,17,11,2,31,2,1,3,0,0,11,9
Max Lajoie,OTT,D,11,4,3,7,-1,4,27,0,2,2,0,0,6,19
Nolan Patrick,PHI,C,9,3,1,4,-5,0,11,1,0,0,0,0,11,4
Nico Hischier,NJ,C,9,3,5,8,-1,0,22,0,2,1,0,0,4,4
Conor Sheary,BUF,LW,12,3,2,5,-7,6,21,1,3,0,0,0,3,8
Frank Vatrano,FLA,C,9,3,0,3,0,6,12,0,1,0,0,0,10,6
Brady Tkachuk,OTT,LW,4,3,3,6,5,4,14,1,1,1,0,0,13,0
Zdeno Chara,BOS,D,12,3,1,4,1,14,22,2,1,0,0,0,13,21
Ilya Kovalchuk,LA,RW,11,3,5,8,-5,2,31,0,1,2,0,0,6,3
Ryan Suter,MIN,D,12,3,9,12,0,8,22,1,1,3,1,1,6,22
Ryan Kesler,ANH,C,10,3,1,4,-6,7,17,1,1,1,0,0,16,11
Brent Burns,SJ,D,12,3,12,15,5,14,34,1,1,5,0,2,11,13
Brian Boyle,NJ,C,9,3,1,4,-1,6,16,0,2,0,0,0,14,7
Brad Richardson,ARI,C,11,3,2,5,2,4,21,1,0,0,2,1,5,8
Anze Kopitar,LA,C,10,3,1,4,0,0,24,0,0,1,0,0,13,9
Travis Zajac,NJ,C,8,3,3,6,3,2,8,1,0,1,0,0,5,5
Andrew Ladd,NYI,LW,8,3,3,6,2,8,11,0,0,0,0,1,9,3
Colin Wilson,COL,LW,12,3,0,3,-3,2,21,1,2,0,0,0,8,6
Jakub Voracek,PHI,LW,12,3,9,12,-5,6,32,1,1,3,0,0,5,1
Brandon Sutter,VAN,C,13,3,1,4,-8,2,21,0,0,0,1,0,12,6
Kyle Okposo,BUF,RW,12,3,4,7,-6,18,28,1,2,2,0,0,17,3
Claude Giroux,PHI,C,12,3,10,13,-4,4,44,0,1,5,0,0,4,1
Nick Foligno,CLS,LW,11,3,4,7,-3,4,18,1,0,1,0,0,21,9
Bryan Little,WPG,C,13,3,2,5,-5,0,28,2,1,0,0,0,5,3
Brayden Schenn,STL,LW,10,3,6,9,-2,8,27,0,2,3,0,0,23,4
Nazem Kadri,TOR,C,12,3,4,7,-7,6,25,1,1,3,0,0,12,2
Jordan Eberle,NYI,RW,11,3,3,6,-4,4,24,1,2,1,0,0,3,5
Tomas Tatar,MON,LW,11,3,6,9,3,2,30,0,1,1,0,0,8,4
Cody Eakin,VGK,C,9,3,1,4,0,0,8,2,0,0,1,0,9,5
Jakob Silfverberg,ANH,RW,8,3,4,7,3,10,12,0,0,2,0,0,2,3
Reilly Smith,VGK,RW,12,3,3,6,0,0,31,0,1,1,0,0,5,7
Tyler Seguin,DAL,C,11,3,9,12,3,4,58,1,1,4,0,0,10,11
Mats Zuccarello,NYR,RW,12,3,7,10,-4,4,21,0,1,3,0,0,14,15
Casey Cizikas,NYI,C,10,3,3,6,6,10,15,0,0,0,1,0,13,7
Matt Martin,NYI,LW,10,3,1,4,4,18,13,0,0,0,0,0,38,5
Ryan O'Reilly,STL,C,10,3,11,14,1,6,31,0,0,6,0,1,3,7
Tyler Toffoli,LA,RW,11,3,3,6,-3,0,27,0,1,0,0,0,4,2
Adam Henrique,ANH,C,13,3,3,6,-3,6,13,0,2,0,0,0,10,13
Ryan Reaves,VGK,RW,12,3,0,3,-1,7,18,1,1,0,0,0,48,1
Ryan Nugent-Hopkins,EDM,LW,11,3,10,13,6,2,38,1,1,4,1,0,4,3
Brandon Saad,CHI,LW,13,3,3,6,3,2,31,0,1,0,1,0,8,8
Sven Baertschi,VAN,LW,10,3,3,6,-2,4,12,0,2,2,0,0,7,6
Jamie Oleksiak,PIT,D,9,3,4,7,8,9,15,0,0,0,0,0,20,12
Jonathan Drouin,MON,C,11,3,5,8,3,8,22,1,1,4,0,0,17,7
Jordan Martinook,CAR,LW,12,3,1,4,3,4,30,0,0,0,1,0,33,7
Zachary Sanford,STL,LW,5,3,3,6,6,0,6,1,0,0,0,0,7,4
J.T. Compher,COL,C,5,3,1,4,0,6,10,0,1,1,0,0,2,1
Ben Street,ANH,C,12,3,2,5,0,0,11,0,0,0,0,0,11,6
Anthony Mantha,DET,RW,12,3,2,5,-12,6,25,0,1,1,0,0,13,3
Ryan Hartman,NSH,RW,12,3,3,6,4,2,20,2,0,0,0,0,11,4
William Karlsson,VGK,C,12,3,6,9,2,2,18,0,2,1,0,0,6,9
Blake Coleman,NJ,C,9,3,0,3,2,6,18,1,0,0,0,0,21,4
Vincent Trocheck,FLA,C,10,3,5,8,-2,16,32,0,1,2,0,0,26,8
J.T. Miller,TB,C,11,3,7,10,-5,8,14,1,3,2,0,0,17,3
Boone Jenner,CLS,LW,11,3,0,3,0,4,36,0,1,0,0,0,18,6
Mathew Dumba,MIN,D,12,3,3,6,0,6,32,0,1,2,0,0,29,17
Teuvo Teravainen,CAR,C,12,3,8,11,9,2,30,0,1,1,0,0,4,5
Jimmy Vesey,NYR,LW,12,3,0,3,-4,7,26,0,1,0,0,0,8,5
Jean-Sebastien Dea,NJ,C,9,3,0,3,1,2,15,1,0,0,0,0,7,6
Thomas Chabot,OTT,D,11,3,10,13,1,8,21,1,1,2,0,0,13,13
Jake DeBrusk,BOS,LW,12,3,0,3,2,4,29,1,1,0,0,0,9,0
Joonas Donskoi,SJ,RW,12,3,5,8,3,2,22,1,1,2,0,0,11,10
Vince Dunn,STL,D,8,3,3,6,-2,4,20,0,2,1,0,0,6,8
Warren Foegele,CAR,LW,12,3,2,5,-3,4,31,0,0,0,0,0,18,2
Jakub Vrana,WAS,RW,10,3,2,5,5,12,24,0,0,0,0,0,5,4
Pavel Buchnevich,NYR,LW,10,3,2,5,2,0,12,0,1,0,0,0,5,4
Vinnie Hinostroza,ARI,C,11,3,3,6,0,4,27,1,0,2,0,0,4,5
Charles Hudon,MON,LW,8,2,1,3,-2,6,13,0,0,1,0,0,17,0
Joakim Nordstrom,BOS,C,11,2,0,2,1,2,21,0,0,0,0,0,13,9
Ben Chiarot,WPG,D,13,2,2,4,1,26,12,0,0,0,0,0,24,20
Alex Tuch,VGK,RW,4,2,1,3,2,0,19,0,0,1,0,0,7,2
Sam Bennett,CGY,LW,13,2,1,3,0,8,19,0,0,0,0,0,31,4
Chris Wideman,OTT,D,11,2,2,4,-5,8,9,1,0,0,0,0,18,15
Travis Konecny,PHI,C,12,2,3,5,0,6,22,0,1,0,0,0,11,4
Colin White,OTT,C,11,2,4,6,-1,6,17,0,1,0,0,0,6,5
Brock Boeser,VAN,RW,12,2,5,7,-2,8,29,2,0,3,0,0,4,2
Lawson Crouse,ARI,LW,11,2,0,2,3,18,24,0,0,0,1,0,26,4
Zach Werenski,CLS,D,11,2,6,8,-1,6,25,0,1,3,0,0,3,12
Garnet Hathaway,CGY,RW,9,2,0,2,2,4,7,1,0,0,0,0,31,4
Colton Parayko,STL,D,10,2,2,4,1,4,20,0,1,1,0,0,17,19
Ben Hutton,VAN,D,12,2,0,2,-3,10,16,0,0,0,0,0,13,19
Dylan Strome,ARI,C,10,2,0,2,-3,4,21,1,2,0,0,0,1,3
Leo Komarov,NYI,LW,11,2,2,4,1,6,12,0,0,0,0,0,33,7
Hampus Lindholm,ANH,D,13,2,6,8,-1,2,20,0,0,2,0,0,20,29
Alex Killorn,TB,C,11,2,1,3,-5,8,26,0,1,1,0,0,15,4
Markus Granlund,VAN,C,14,2,3,5,4,8,23,0,0,0,0,0,11,6
Matt Nieto,COL,LW,12,2,1,3,-3,4,18,1,0,0,0,0,7,6
Jason Dickinson,DAL,C,9,2,2,4,1,4,16,0,0,0,0,0,12,2
Robert Hagg,PHI,D,12,2,4,6,1,12,22,1,0,0,0,0,40,18
Brett Pesce,CAR,D,12,2,1,3,8,4,19,0,0,0,0,0,14,25
Damon Severson,NJ,D,9,2,5,7,-2,6,14,0,1,0,0,0,14,6
Devin Shore,DAL,C,11,2,6,8,3,0,9,1,0,1,1,0,10,5
Radek Faksa,DAL,C,11,2,2,4,0,9,12,0,0,0,0,1,9,11
Chris Tierney,OTT,C,11,2,9,11,2,6,19,0,0,4,0,0,4,10
Aleksander Barkov,FLA,C,10,2,7,9,0,0,27,0,0,3,0,0,2,2
Antoine Roussel,VAN,LW,10,2,1,3,-1,28,9,0,0,0,0,0,19,11
Jonas Brodin,MIN,D,12,2,0,2,0,4,17,2,0,0,1,0,5,22
Rickard Rakell,ANH,C,13,2,6,8,-3,0,33,0,1,2,0,0,21,17
Dougie Hamilton,CAR,D,12,2,3,5,0,4,52,0,1,0,0,0,20,11
Joel Armia,MON,RW,11,2,2,4,1,8,29,0,0,0,1,0,28,4
Jared Spurgeon,MIN,D,12,2,5,7,0,4,15,0,0,1,0,1,13,14
Mattias Ekholm,NSH,D,12,2,6,8,7,7,20,0,0,0,0,1,10,16
Jonathan Huberdeau,FLA,LW,10,2,6,8,-4,4,29,0,1,1,0,0,5,5
Ryan Johansen,NSH,C,12,2,11,13,9,14,27,0,0,4,0,0,16,7
Kevin Hayes,NYR,C,12,2,2,4,-1,4,25,0,0,0,0,0,14,3
Marcus Kruger,CHI,C,13,2,0,2,2,14,13,1,0,0,0,0,8,7
Taylor Hall,NJ,LW,9,2,10,12,-1,6,29,0,0,8,0,0,6,7
Nick Bjugstad,FLA,C,10,2,3,5,5,8,15,0,0,1,0,0,7,7
Calle Jarnkrok,NSH,C,12,2,1,3,4,0,11,0,0,0,0,0,6,4
Charlie Coyle,MIN,RW,12,2,4,6,2,8,16,0,1,0,0,0,14,9
Richard Panik,ARI,RW,9,2,1,3,2,4,21,0,0,1,0,0,9,6
Mathieu Perreault,WPG,C,13,2,1,3,1,2,21,1,0,0,0,0,17,1
Roman Josi,NSH,D,12,2,4,6,6,0,33,0,0,1,0,0,10,19
Zack Smith,OTT,C,9,2,3,5,2,9,11,0,0,0,0,0,21,8
Derek Stepan,ARI,C,11,2,4,6,5,4,30,0,0,0,1,0,5,6
Victor Hedman,TB,D,9,2,2,4,-3,6,23,0,0,1,0,0,7,16
Tyler Bozak,STL,C,10,2,2,4,-4,0,21,1,1,0,0,0,5,2
Keith Yandle,FLA,D,10,2,8,10,-1,6,32,0,1,2,0,0,7,11
Ryan Callahan,TB,RW,7,2,0,2,-2,0,12,0,0,0,0,0,11,0
Kyle Turris,NSH,C,12,2,7,9,0,4,18,1,1,1,0,0,9,4
Nicklas Backstrom,WAS,C,10,2,11,13,3,4,16,1,2,6,0,0,6,4
Michael Grabner,ARI,RW,11,2,3,5,2,2,21,0,0,0,2,2,5,7
Trevor Lewis,LA,C,11,2,0,2,-7,0,27,0,0,0,0,0,18,3
Artem Anisimov,CHI,C,13,2,6,8,2,0,16,0,0,0,0,0,1,5
Dustin Byfuglien,WPG,D,11,2,8,10,2,12,31,1,0,6,0,0,19,16
P.K. Subban,NSH,D,12,2,8,10,5,6,35,1,0,4,1,0,9,18
Max Pacioretty,VGK,LW,10,2,0,2,-4,6,26,0,0,0,0,0,22,4
Mikkel Boedker,OTT,LW,11,2,4,6,-2,2,16,0,0,1,0,0,6,5
Josh Bailey,NYI,LW,11,2,10,12,4,4,16,1,2,4,0,0,3,2
Steven Stamkos,TB,C,11,2,6,8,-2,2,31,1,1,3,0,0,16,2
Jeff Carter,LA,C,11,2,3,5,-5,4,30,0,1,1,0,0,12,5
Bobby Ryan,OTT,RW,11,2,4,6,0,4,19,0,1,2,0,0,15,5
Blake Wheeler,WPG,RW,13,2,12,14,-3,17,41,0,0,9,0,0,16,12
David Krejci,BOS,C,12,2,7,9,3,0,13,1,1,1,0,0,2,3
Matt Niskanen,WAS,D,10,2,3,5,-4,4,21,1,0,0,0,0,24,13
James Neal,CGY,RW,13,2,1,3,-3,10,33,0,0,0,0,0,13,5
Brent Seabrook,CHI,D,13,2,5,7,-1,15,30,0,1,1,0,0,14,29
Braydon Coburn,TB,D,11,2,2,4,3,10,22,0,0,0,0,0,12,12
Ryan Getzlaf,ANH,C,8,2,6,8,0,4,21,0,0,2,0,0,20,8
Jason Spezza,DAL,C,11,2,6,8,-2,4,17,0,0,3,0,0,2,4
Mikko Koivu,MIN,C,11,2,4,6,1,8,21,0,0,1,0,0,4,6
Ron Hainsey,TOR,D,12,2,3,5,8,6,13,0,0,0,0,0,16,18
Thomas Vanek,DET,LW,12,2,3,5,-8,6,13,0,2,1,0,0,11,2
Kiefer Sherwood,ANH,LW,12,2,2,4,5,4,13,0,0,0,0,0,17,5
Miro Heiskanen,DAL,D,11,2,2,4,0,4,25,2,0,0,0,0,5,9
Andrei Svechnikov,CAR,RW,12,2,2,4,-1,12,30,2,0,0,0,0,13,1
Nick Jensen,DET,D,11,2,1,3,-8,9,14,0,0,0,0,1,10,19
Dominik Simon,PIT,C,10,2,5,7,5,6,16,0,0,0,0,0,16,5
Anthony Cirelli,TB,C,11,2,0,2,-4,6,22,0,0,0,1,0,12,7
Drake Caggiula,EDM,LW,7,2,0,2,-2,6,13,0,0,0,0,0,15,2
Maxime Comtois,ANH,LW,10,2,5,7,3,7,9,1,0,0,0,0,27,3
Alex Iafallo,LA,C,11,2,5,7,-1,2,15,1,0,2,0,0,14,7
Alexandre Fortin,CHI,C,10,2,1,3,-3,0,15,1,0,0,0,0,6,4
Oskar Lindblom,PHI,LW,12,2,1,3,-5,4,19,0,0,0,0,0,12,7
Brett Howden,NYR,C,12,2,4,6,-2,4,11,0,0,1,0,0,14,9
Dennis Cholowski,DET,D,10,2,5,7,-5,4,21,0,1,4,0,0,1,16
Sam Steel,ANH,C,13,1,2,3,-3,4,17,0,0,2,0,0,5,4
Samuel Girard,COL,D,12,1,3,4,5,0,12,0,0,2,0,0,12,12
Marcus Sorensen,SJ,RW,12,1,2,3,2,4,19,0,0,0,1,1,10,5
Mikhail Vorobyov,PHI,C,7,1,1,2,0,2,5,0,0,0,0,0,2,3
David Kampf,CHI,RW,10,1,1,2,0,2,14,0,0,0,0,0,5,1
Casey Mittelstadt,BUF,C,12,1,2,3,-5,4,20,0,1,2,0,0,6,1
Michael Rasmussen,DET,C,10,1,1,2,-2,4,11,0,1,0,0,0,13,4
Martin Necas,CAR,C,7,1,1,2,0,2,6,0,0,0,0,0,3,2
Juuso Valimaki,CGY,D,12,1,0,1,-5,2,11,1,0,0,0,0,9,23
Paul LaDue,LA,D,5,1,0,1,0,12,5,0,0,0,0,0,5,1
Brandon Tanev,WPG,LW,13,1,4,5,4,15,17,0,0,0,0,0,34,16
Tyler Motte,VAN,C,12,1,1,2,-1,0,13,0,0,0,0,0,34,13
Miles Wood,NJ,LW,9,1,4,5,-2,17,22,0,0,1,0,0,12,2
Troy Stecher,VAN,D,14,1,4,5,3,4,12,0,0,0,0,0,13,9
Jesse Puljujarvi,EDM,RW,7,1,0,1,-4,6,9,0,0,0,0,0,4,4
Charlie McAvoy,BOS,D,7,1,5,6,1,10,7,0,0,0,0,0,9,14
Markus Nutivaara,CLS,D,11,1,5,6,-1,0,21,0,0,0,0,0,11,9
Tyson Jost,COL,C,11,1,1,2,-2,4,9,0,1,1,0,0,10,5
Sean Kuraly,BOS,C,12,1,1,2,0,9,21,0,0,0,0,0,20,5
Lucas Wallmark,CAR,C,12,1,0,1,0,10,20,0,0,0,0,0,14,1
Carter Rowney,ANH,C,5,1,0,1,0,2,3,0,0,0,0,0,14,1
Derek Ryan,CGY,C,12,1,1,2,0,4,7,0,0,0,0,0,2,6
Jacob MacDonald,FLA,D,2,1,0,1,1,0,1,0,0,0,0,0,1,1
Filip Hronek,DET,D,6,1,2,3,-2,18,13,0,1,0,0,0,5,3
Alex Kerfoot,COL,C,12,1,5,6,-2,10,23,0,0,3,0,0,4,6
Kailer Yamamoto,EDM,LW,11,1,1,2,-2,2,12,0,0,1,0,0,10,9
Alex Formenton,OTT,LW,8,1,0,1,-2,6,14,0,0,0,0,0,11,7
Par Lindholm,TOR,C,12,1,2,3,2,4,14,0,0,0,0,0,11,15
Dominik Kahun,CHI,C,13,1,6,7,3,0,21,0,0,1,0,0,1,6
Rasmus Dahlin,BUF,D,12,1,3,4,-1,4,13,1,0,1,0,0,15,7
Evan Bouchard,EDM,D,7,1,0,1,-5,2,10,0,1,0,0,0,6,8
Antti Suomela,SJ,C,12,1,3,4,2,4,27,0,0,0,0,0,3,4
Brooks Orpik,WAS,D,10,1,1,2,2,2,12,0,0,0,0,0,31,10
Justin Williams,CAR,RW,12,1,7,8,1,12,40,0,0,1,0,0,14,1
Matt Cullen,PIT,C,10,1,2,3,-2,0,12,0,0,0,0,0,6,7
Patrick Marleau,TOR,LW,12,1,4,5,2,4,23,1,1,0,0,0,13,10
Tomas Plekanec,MON,C,3,1,0,1,0,0,8,0,0,0,0,0,1,1
Dustin Brown,LA,RW,1,1,0,1,-1,0,3,0,1,0,0,0,7,1
Eric Fehr,MIN,RW,12,1,3,4,-2,14,13,0,0,0,0,1,9,6
Andrew Cogliano,ANH,LW,13,1,3,4,1,0,27,1,1,0,0,0,6,2
Justin Abdelkader,DET,LW,12,1,1,2,-5,6,12,0,0,0,0,0,16,7
Mark Giordano,CGY,D,13,1,10,11,8,10,39,0,0,3,0,0,6,20
Jack Johnson,PIT,D,10,1,1,2,-5,2,17,0,1,0,0,0,33,22
Blake Comeau,DAL,LW,11,1,1,2,-7,2,17,0,0,0,0,0,32,3
Brandon Dubinsky,CLS,C,2,1,1,2,0,0,4,0,0,0,0,0,3,0
Alex Goligoski,ARI,D,11,1,3,4,-5,2,13,0,0,0,0,1,6,18
Chris Butler,STL,D,2,1,0,1,-1,0,4,0,0,0,0,0,4,1
Darren Helm,DET,C,12,1,3,4,-4,2,22,0,0,0,0,1,7,7
Yannick Weber,NSH,D,12,1,1,2,5,2,9,0,0,0,0,0,8,3
Vladimir Sobotka,BUF,C,9,1,0,1,-2,4,9,0,0,0,0,0,10,7
Tyler Myers,WPG,D,13,1,1,2,-2,26,26,0,0,0,0,0,13,18
Drew Doughty,LA,D,11,1,7,8,-4,4,22,0,1,4,0,0,18,18
Zach Bogosian,BUF,D,7,1,1,2,1,19,6,0,0,0,0,0,12,18
Alex Pietrangelo,STL,D,10,1,3,4,-8,4,16,0,0,1,0,0,7,24
Brendan Smith,NYR,D,12,1,2,3,-2,21,10,0,0,0,0,0,12,12
Ryan McDonagh,TB,D,11,1,6,7,5,6,23,0,0,1,0,1,20,25
Lars Eller,WAS,C,10,1,4,5,-6,11,20,0,0,1,0,0,10,3
Mikael Backlund,CGY,C,13,1,5,6,4,4,27,0,0,0,0,0,9,3
Patrik Berglund,BUF,C,11,1,1,2,1,0,16,0,0,0,0,0,14,10
Derick Brassard,PIT,C,8,1,4,5,2,4,13,0,0,1,0,0,13,2
Jeff Petry,MON,D,11,1,8,9,-1,6,17,0,1,3,0,1,23,16
Milan Lucic,EDM,LW,11,1,3,4,-6,16,12,0,1,2,0,0,41,2
Roman Polak,DAL,D,9,1,0,1,5,6,9,0,0,0,0,0,20,11
Anton Stralman,TB,D,11,1,2,3,2,2,7,0,0,1,0,0,20,19
Troy Brouwer,FLA,RW,9,1,1,2,-2,4,6,0,0,0,0,0,16,6
Jonathan Ericsson,DET,D,5,1,0,1,1,6,8,1,0,0,0,0,10,5
Jake Gardiner,TOR,D,12,1,6,7,0,0,11,0,0,1,0,0,18,10
Tyler Ennis,TOR,LW,9,1,1,2,-2,0,11,0,0,0,0,0,6,3
Oliver Ekman-Larsson,ARI,D,11,1,5,6,5,10,28,0,1,0,0,0,26,8
Zack Kassian,EDM,RW,8,1,0,1,-3,7,5,0,0,0,0,0,24,2
Marco Scandella,BUF,D,12,1,1,2,-3,8,18,1,0,0,0,0,12,13
Mark Barberio,COL,D,3,1,0,1,-2,0,2,0,0,0,0,0,2,1
Erik Haula,VGK,C,12,1,3,4,-2,8,21,0,0,1,0,0,11,4
Marcus Johansson,NJ,LW,8,1,1,2,-2,4,15,0,0,1,0,0,3,2
Travis Hamonic,CGY,D,5,1,0,1,0,5,7,0,0,0,0,0,8,12
Kyle Clifford,LA,LW,9,1,0,1,-1,21,5,0,0,0,0,0,20,0
Alec Martinez,LA,D,11,1,2,3,-5,2,15,1,0,0,0,0,17,27
Brett Connolly,WAS,RW,10,1,6,7,1,6,17,0,0,1,0,0,10,4
David Savard,CLS,D,11,1,2,3,3,6,16,0,0,0,0,0,9,18
Jaden Schwartz,STL,LW,8,1,3,4,-2,8,18,0,0,1,0,0,9,4
Riley Sheahan,PIT,C,10,1,1,2,-5,0,12,0,0,0,0,0,6,6
Tyler Pitlick,DAL,C,10,1,1,2,3,0,18,0,1,0,0,0,12,5
Gustav Nyquist,DET,RW,12,1,8,9,-6,2,27,1,0,4,0,0,6,5
Jori Lehtera,PHI,C,12,1,1,2,0,12,12,0,0,0,0,0,13,1
Justin Faulk,CAR,D,12,1,4,5,3,6,35,0,1,1,0,0,12,12
Tom Kuhnhackl,NYI,RW,4,1,0,1,2,2,2,0,0,0,0,0,12,6
Devante Smith-Pelly,WAS,RW,10,1,1,2,0,0,14,0,0,0,0,0,15,4
Ryan Spooner,NYR,C,11,1,1,2,-3,0,22,0,0,0,0,0,6,2
Jordan Weal,PHI,C,8,1,2,3,1,12,10,0,0,1,0,0,1,1
Carl Hagelin,PIT,LW,10,1,2,3,5,8,21,0,0,0,0,0,24,3
Darren Archibald,VAN,LW,1,1,0,1,0,0,1,0,0,0,0,0,1,0
Marcus Foligno,MIN,LW,12,1,1,2,0,7,7,0,0,0,0,0,38,10
Colton Sceviour,FLA,RW,9,1,0,1,-1,0,17,0,0,0,0,0,13,4
Phillip Danault,MON,C,11,1,4,5,5,2,15,0,0,0,0,0,11,7
Scott Mayfield,NYI,D,9,1,4,5,4,18,9,0,0,0,0,0,14,14
Nathan Beaulieu,BUF,D,8,1,0,1,3,9,9,0,0,0,0,0,8,4
Jesper Fast,NYR,RW,12,1,4,5,-2,6,25,0,0,0,0,0,23,12
Darnell Nurse,EDM,D,11,1,4,5,-1,6,31,1,0,0,0,0,16,17
Ryan Pulock,NYI,D,11,1,4,5,0,2,21,1,0,1,0,0,14,18
Brendan Leipsic,VAN,LW,6,1,1,2,-7,2,12,1,0,0,0,0,4,1
Mike Reilly,MON,D,11,1,2,3,3,0,22,0,1,0,0,0,9,12
Seth Jones,CLS,D,4,1,0,1,0,0,13,0,0,0,0,0,2,8
Gemel Smith,DAL,C,4,1,0,1,-2,0,4,0,0,0,0,0,6,0
Jake McCabe,BUF,D,11,1,6,7,2,8,11,0,0,0,0,0,18,18
Brock McGinn,CAR,LW,12,1,0,1,-3,2,19,0,0,0,0,0,23,6
Colton Sissons,NSH,RW,12,1,2,3,8,7,9,1,0,0,0,1,13,9
Adam Pelech,NYI,D,10,1,2,3,2,0,14,0,0,0,0,0,12,19
John Hayden,CHI,C,8,1,0,1,-5,2,7,0,0,0,0,0,9,7
Oliver Bjorkstrand,CLS,RW,11,1,2,3,-3,0,18,0,0,0,0,0,7,2
Sven Andrighetto,COL,RW,6,1,0,1,2,0,12,0,0,0,0,0,4,7
Shea Theodore,VGK,D,12,1,2,3,-7,2,35,0,0,1,0,1,6,10
Adam Erne,TB,LW,6,1,2,3,-3,4,7,0,1,0,0,0,7,3
Andre Burakovsky,WAS,LW,10,1,0,1,-6,0,14,0,0,0,0,0,5,4
Artturi Lehkonen,MON,LW,11,1,6,7,4,4,24,0,0,0,0,0,7,7
Josh Morrissey,WPG,D,13,1,6,7,1,4,18,0,1,2,0,0,17,24
Rasmus Ristolainen,BUF,D,12,1,3,4,-10,6,27,1,1,2,0,0,34,21
Zac Rinaldo,NSH,C,12,1,0,1,1,15,7,1,0,0,0,0,28,4
Stefan Noesen,NJ,C,9,1,1,2,-4,8,15,0,0,0,0,0,18,4
Ty Rattie,EDM,RW,5,1,1,2,3,0,11,0,0,0,0,0,5,1
Vladislav Namestnikov,NYR,C,11,1,2,3,-6,2,15,0,0,0,0,0,9,7
Miikka Salomaki,NSH,RW,7,1,0,1,1,2,6,0,0,0,0,0,10,3
Joel Edmundson,STL,D,8,1,2,3,5,8,15,0,0,0,0,0,21,19
Josh Leivo,TOR,LW,12,1,2,3,-4,7,15,1,1,1,0,0,13,4
Brandon Manning,CHI,D,11,1,1,2,-4,5,5,0,0,0,0,0,18,10
Robert Bortuzzo,STL,D,5,1,0,1,-1,2,3,0,0,0,0,0,10,9
Andrew Shaw,MON,C,7,1,1,2,-3,16,10,0,1,0,0,0,10,3
Jordie Benn,MON,D,11,1,0,1,1,11,8,0,0,0,0,0,25,18
Brenden Dillon,SJ,D,12,1,0,1,-2,6,12,0,0,0,1,0,25,9
Alex Galchenyuk,ARI,RW,4,1,3,4,4,0,9,0,0,1,0,0,4,0
Jacob Trouba,WPG,D,13,1,6,7,1,16,23,1,0,0,0,0,21,25
Chris Wagner,BOS,RW,11,1,1,2,-3,6,20,0,0,0,0,0,29,3
Brendan Gaunce,VAN,C,1,1,1,2,3,0,1,1,0,0,0,0,2,0
Brady Skjei,NYR,D,12,1,4,5,0,6,17,1,0,0,0,0,32,22
Mike Matheson,FLA,D,8,1,1,2,-2,6,14,0,0,0,0,0,5,9
Austin Czarnik,CGY,C,8,1,2,3,-1,0,15,0,0,0,0,0,0,4
Bryan Rust,PIT,RW,10,1,2,3,-2,2,17,0,0,0,0,0,15,6
Kevin Labanc,SJ,RW,12,1,6,7,-2,8,27,1,0,2,0,0,16,1
Barclay Goodrow,SJ,LW,12,1,0,1,-1,7,10,0,0,0,1,0,5,7
Nic Dowd,WAS,C,10,1,1,2,1,2,10,0,0,0,0,0,14,7
Rourke Chartier,SJ,C,8,1,0,1,-2,0,16,0,0,0,0,0,9,0
Anders Bjork,BOS,C,10,1,1,2,3,0,9,0,0,0,0,0,4,7
Pierre-Edouard Bellemare,VGK,C,12,1,1,2,-2,0,14,0,0,0,1,0,12,3
Erik Gustafsson,CHI,D,13,1,5,6,-1,6,24,0,0,1,0,0,9,22
Mathew Barzal,NYI,C,11,1,11,12,-7,8,12,0,0,7,0,0,1,5
Ivan Provorov,PHI,D,12,1,3,4,-7,4,18,0,0,0,0,0,22,25
Jordan Greenway,MIN,LW,11,1,1,2,-5,6,11,0,0,0,0,0,11,1
Anthony Beauvillier,NYI,LW,10,1,0,1,-6,0,16,1,0,0,0,0,6,6
Brandon Montour,ANH,D,13,1,2,3,-4,10,19,1,0,0,0,0,18,24
Ryan Donato,BOS,C,11,1,0,1,-4,2,12,0,1,0,0,0,3,4
Tomas Nosek,VGK,LW,10,1,0,1,-7,2,18,0,0,0,0,0,10,3
Anthony DeAngelo,NYR,D,4,1,3,4,4,6,5,0,0,1,0,0,3,3
Michael Amadio,LA,C,9,1,0,1,-5,2,7,0,0,0,0,0,2,2
Dylan DeMelo,OTT,D,11,1,4,5,6,10,12,0,0,0,0,0,14,21
Andrew Copp,WPG,C,13,1,1,2,2,2,11,0,0,0,0,0,19,8
Sam Reinhart,BUF,C,12,1,5,6,-7,2,23,0,0,4,0,0,3,11
Jared McCann,FLA,C,10,1,2,3,-2,0,16,0,0,0,0,0,15,3
Ivan Barbashev,STL,LW,10,1,2,3,-2,5,5,0,0,0,1,0,14,4
Sonny Milano,CLS,LW,8,1,0,1,0,0,5,0,0,0,0,0,5,0
Adrian Kempe,LA,C,11,1,1,2,-3,16,21,1,0,0,0,0,11,3
Nick Schmaltz,CHI,RW,13,1,6,7,-5,6,19,0,1,0,0,0,4,5
Nikolay Goldobin,VAN,RW,14,1,3,4,-2,6,25,0,0,0,0,0,3,5
Connor Brown,TOR,RW,12,1,3,4,-3,4,17,0,0,1,0,0,11,8
Mattias Janmark,DAL,C,11,1,0,1,-7,4,19,0,0,0,0,0,3,5
Connor Carrick,DAL,D,9,1,3,4,-5,2,13,0,0,0,0,0,4,8
Luke Glendening,DET,RW,12,1,3,4,1,6,6,0,0,0,0,0,18,15
Josh Manson,ANH,D,12,1,2,3,7,16,18,0,0,0,0,0,35,14
Jordan Oesterle,ARI,D,8,1,3,4,1,0,6,0,0,2,0,0,8,17
Cedric Paquette,TB,C,11,1,1,2,-4,15,14,0,0,0,0,0,25,9
Chandler Stephenson,WAS,RW,10,1,1,2,-5,0,8,0,0,0,0,0,7,6
Shayne Gostisbehere,PHI,D,12,1,4,5,-9,2,33,0,1,3,0,0,11,24
Esa Lindell,DAL,D,11,1,5,6,2,8,17,0,1,0,0,0,20,16
Brendan Perlini,ARI,LW,11,1,2,3,2,2,16,0,1,0,0,0,4,3
Kevin Fiala,NSH,LW,12,1,4,5,-4,6,24,0,1,0,0,0,2,3
Nikolaj Ehlers,WPG,LW,13,1,3,4,-7,7,29,0,0,1,0,0,10,4
Haydn Fleury,CAR,D,1,0,0,0,2,0,1,0,0,0,0,0,0,1
Nick Ritchie,ANH,LW,2,0,1,1,1,2,3,0,0,0,0,0,4,2
Aaron Ekblad,FLA,D,10,0,2,2,0,8,25,0,0,1,0,0,15,3
Christian Folin,PHI,D,7,0,1,1,2,4,7,0,0,0,0,0,21,16
Ryan Carpenter,VGK,C,11,0,2,2,-7,2,16,0,0,0,0,0,25,1
Justin Dowling,DAL,C,4,0,1,1,-1,0,3,0,0,0,0,0,3,2
Brandon Davidson,CHI,D,4,0,1,1,-2,0,3,0,0,0,0,0,5,5
Kevan Miller,BOS,D,7,0,1,1,5,7,9,0,0,0,0,0,14,12
Will Butcher,NJ,D,9,0,5,5,-2,0,10,0,0,5,0,0,4,10
Jaccob Slavin,CAR,D,12,0,4,4,-1,2,27,0,0,0,0,1,6,21
John Quenneville,NJ,C,5,0,0,0,2,0,3,0,0,0,0,0,7,3
Brendan Lemieux,WPG,LW,8,0,0,0,0,10,5,0,0,0,0,0,8,3
Marcus Pettersson,ANH,D,12,0,1,1,0,11,4,0,0,0,0,0,7,12
Travis Sanheim,PHI,D,12,0,5,5,-1,4,21,0,0,1,0,0,6,7
Julius Honka,DAL,D,8,0,1,1,0,6,13,0,0,0,0,0,2,10
Joe Hicketts,DET,D,8,0,0,0,-6,0,9,0,0,0,0,0,15,13
Danton Heinen,BOS,C,10,0,3,3,3,6,10,0,0,0,0,0,7,3
Nathan Walker,WAS,C,3,0,1,1,1,2,2,0,0,0,0,0,5,0
Vladislav Kamenev,COL,C,7,0,1,1,1,2,6,0,0,0,0,0,9,3
Nicolas Aube-Kubel,PHI,C,1,0,0,0,0,0,1,0,0,0,0,0,4,0
Oskar Sundqvist,STL,C,2,0,1,1,0,2,2,0,0,0,0,0,4,1
Max McCormick,OTT,LW,4,0,0,0,-1,0,4,0,0,0,0,0,5,1
Juho Lammikko,FLA,RW,9,0,0,0,-2,2,8,0,0,0,0,0,6,6
Austin Wagner,LA,LW,7,0,0,0,-5,2,8,0,0,0,0,0,15,1
Travis Dermott,TOR,D,9,0,1,1,-5,2,10,0,0,0,0,0,14,7
Roope Hintz,DAL,LW,5,0,0,0,0,4,7,0,0,0,0,0,5,9
Gabriel Carlsson,CLS,D,1,0,0,0,-1,2,1,0,0,0,0,0,0,0
Jacob Larsson,ANH,D,2,0,0,0,-2,0,4,0,0,0,0,0,1,0
Rasmus Andersson,CGY,D,11,0,1,1,2,0,19,0,0,0,0,0,12,16
Jack Roslovic,WPG,RW,13,0,2,2,1,2,6,0,0,0,0,0,5,3
Dean Kukan,CLS,D,5,0,0,0,-1,4,3,0,0,0,0,0,3,6
Noel Acciari,BOS,C,12,0,0,0,-6,9,14,0,0,0,0,0,26,7
Andreas Johnsson,TOR,LW,7,0,1,1,-1,6,6,0,0,1,0,0,4,1
Jeremy Lauzon,BOS,D,3,0,0,0,0,2,0,0,0,0,0,0,3,1
Nicolas Roy,CAR,C,3,0,0,0,0,0,1,0,0,0,0,0,4,0
Noah Juulsen,MON,D,9,0,1,1,9,2,6,0,0,0,0,0,28,17
Pavel Zacha,NJ,C,9,0,0,0,-2,7,9,0,0,0,0,0,9,2
Brandon Carlo,BOS,D,12,0,2,2,3,6,16,0,0,0,0,0,28,14
Daniel Sprong,PIT,RW,9,0,4,4,-3,0,10,0,0,1,0,0,7,4
Clark Bishop,CAR,C,2,0,0,0,0,0,1,0,0,0,0,0,3,0
Melker Karlsson,SJ,C,12,0,1,1,-1,8,17,0,0,0,0,0,9,9
Tim Schaller,VAN,C,12,0,3,3,0,0,11,0,0,0,0,0,23,5
Josh Archibald,ARI,RW,6,0,0,0,0,0,7,0,0,0,0,0,9,5
Frederick Gaudreau,NSH,C,3,0,0,0,-1,0,0,0,0,0,0,0,1,0
Kevin Gravel,EDM,D,2,0,0,0,-2,0,1,0,0,0,0,0,0,4
Christian Djoos,WAS,D,9,0,2,2,1,2,6,0,0,0,0,0,6,5
Samuel Blais,STL,LW,8,0,0,0,-3,0,8,0,0,0,0,0,26,4
MacKenzie Weegar,FLA,D,7,0,1,1,0,4,10,0,0,0,0,0,8,11
Trevor van Riemsdyk,CAR,D,11,0,2,2,0,0,17,0,0,0,0,0,8,12
Ben Harpur,OTT,D,3,0,0,0,3,0,3,0,0,0,0,0,6,3
Ross Johnston,NYI,LW,1,0,1,1,1,0,0,0,0,0,0,0,1,1
Joseph Blandisi,ANH,C,3,0,0,0,-1,6,1,0,0,0,0,0,4,0
Matthew Peca,MON,C,10,0,3,3,-1,4,11,0,0,0,0,0,10,7
Fredrik Claesson,NYR,D,4,0,0,0,1,5,7,0,0,0,0,0,12,3
Markus Hannikainen,CLS,RW,3,0,2,2,0,0,5,0,0,0,0,0,1,0
Evan Rodrigues,BUF,C,10,0,4,4,-1,4,18,0,0,1,0,0,0,8
Noah Hanifin,CGY,D,13,0,2,2,2,4,25,0,0,0,0,0,18,16
Joakim Ryan,SJ,D,12,0,1,1,5,7,7,0,0,0,0,0,10,10
Phil Di Giuseppe,CAR,LW,2,0,0,0,-2,4,1,0,0,0,0,0,4,0
Jordan Schmaltz,STL,D,8,0,1,1,0,2,8,0,0,0,0,0,5,9
Tanner Pearson,LA,LW,11,0,1,1,-5,6,18,0,0,0,0,0,15,2
Mark Jankowski,CGY,C,10,0,2,2,-3,4,14,0,0,0,0,0,5,5
Tomas Hyka,VGK,RW,7,0,0,0,0,2,11,0,0,0,0,0,4,4
Olli Maatta,PIT,D,9,0,2,2,5,2,5,0,0,1,0,0,15,16
Zemgus Girgensons,BUF,C,12,0,3,3,0,0,13,0,0,0,0,0,18,6
Derrick Pouliot,VAN,D,14,0,2,2,2,8,12,0,0,0,0,0,22,15
Paul Carey,OTT,RW,5,0,0,0,0,0,1,0,0,0,0,0,2,2
Ryan Murray,CLS,D,11,0,6,6,-3,0,14,0,0,1,0,0,3,17
Cody Ceci,OTT,D,7,0,2,2,-6,2,12,0,0,0,0,0,11,17
Dalton Prout,CGY,D,1,0,0,0,0,2,1,0,0,0,0,0,2,2
Torey Krug,BOS,D,1,0,1,1,1,0,0,0,0,1,0,0,0,0
Anthony Bitetto,NSH,D,4,0,1,1,1,0,5,0,0,0,0,0,9,2
J.T. Brown,MIN,RW,9,0,1,1,-2,8,8,0,0,0,0,0,11,1
Gabriel Bourque,COL,LW,11,0,1,1,0,2,6,0,0,0,0,0,21,15
Matt Read,MIN,RW,5,0,0,0,0,2,6,0,0,0,0,0,4,3
Ondrej Palat,TB,LW,9,0,5,5,3,4,10,0,0,2,0,0,14,3
Cory Conacher,TB,LW,1,0,0,0,0,2,1,0,0,0,0,0,0,0
Patrick Maroon,STL,LW,10,0,6,6,-6,7,20,0,0,5,0,0,21,2
Andy Welinski,ANH,D,2,0,1,1,1,0,3,0,0,0,0,0,6,3
Scott Harrington,CLS,D,8,0,4,4,3,0,5,0,0,0,0,0,2,7
Nick Cousins,ARI,C,11,0,4,4,1,4,27,0,0,0,0,0,14,6
Xavier Ouellet,MON,D,11,0,3,3,-2,7,21,0,0,0,0,0,22,18
Sami Vatanen,NJ,D,9,0,5,5,3,4,27,0,0,1,0,0,18,21
Adam Clendening,CLS,D,4,0,0,0,1,0,3,0,0,0,0,0,1,3
Brett Ritchie,DAL,RW,9,0,1,1,-2,9,7,0,0,0,0,0,17,3
Oscar Klefbom,EDM,D,11,0,5,5,3,2,37,0,0,2,0,0,10,17
Joe Morrow,WPG,D,10,0,0,0,-3,0,11,0,0,0,0,0,10,8
Jacob De La Rose,DET,C,3,0,0,0,-1,0,1,0,0,0,0,0,4,0
Frederik Gauthier,TOR,C,9,0,0,0,2,2,8,0,0,0,0,0,14,2
Valentin Zykov,CAR,RW,10,0,3,3,0,0,12,0,0,2,0,0,6,2
Mirco Mueller,NJ,D,9,0,5,5,-1,0,8,0,0,0,0,0,7,10
Nikita Zadorov,COL,D,12,0,1,1,-1,17,10,0,0,0,0,0,24,9
Valeri Nichushkin,DAL,LW,6,0,1,1,-1,0,11,0,0,0,0,0,2,3
Remi Elie,BUF,LW,3,0,0,0,0,0,0,0,0,0,0,0,4,1
Steve Santini,NJ,D,1,0,0,0,0,0,0,0,0,0,0,0,1,0
William Carrier,VGK,LW,12,0,1,1,-4,4,21,0,0,0,0,0,59,5
Marko Dano,COL,C,4,0,0,0,0,7,2,0,0,0,0,0,9,1
Madison Bowey,WAS,D,3,0,0,0,2,9,1,0,0,0,0,0,4,5
Michael Raffl,PHI,LW,9,0,2,2,0,4,5,0,0,0,0,0,16,5
Corban Knight,PHI,C,3,0,0,0,0,0,2,0,0,0,0,0,3,1
Brad Hunt,VGK,D,3,0,1,1,1,0,9,0,0,1,0,0,2,1
Colin Miller,VGK,D,12,0,2,2,-4,6,26,0,0,1,0,0,16,16
Matt Grzelcyk,BOS,D,11,0,5,5,-1,2,6,0,0,3,0,0,6,9
Jujhar Khaira,EDM,C,10,0,1,1,-1,7,5,0,0,0,0,0,14,4
Slater Koekkoek,TB,D,2,0,0,0,-1,2,4,0,0,0,0,0,5,4
Martin Frk,DET,RW,3,0,0,0,0,2,1,0,0,0,0,0,7,1
Alex Biega,VAN,D,4,0,2,2,0,2,14,0,0,1,0,0,7,0
Alexander Wennberg,CLS,C,11,0,5,5,2,6,10,0,0,1,0,0,1,4
Danny DeKeyser,DET,D,5,0,1,1,0,11,6,0,0,0,0,0,8,8
Luke Witkowski,DET,D,2,0,0,0,1,0,2,0,0,0,0,0,3,3
Lukas Sedlak,CLS,C,9,0,0,0,-1,6,10,0,0,0,0,0,7,1
Chad Ruhwedel,PIT,D,3,0,0,0,-3,0,2,0,0,0,0,0,6,2
Tobias Rieder,EDM,RW,11,0,5,5,1,2,19,0,0,1,0,0,12,7
Radko Gudas,PHI,D,11,0,5,5,4,4,15,0,0,0,0,0,26,18
Andrej Sustr,ANH,D,4,0,0,0,1,6,6,0,0,0,0,0,2,7
Rocco Grimaldi,NSH,C,2,0,0,0,-1,0,2,0,0,0,0,0,2,0
Dmitrij Jaskin,WAS,RW,7,0,1,1,-2,0,4,0,0,0,0,0,15,2
Adam Larsson,EDM,D,11,0,3,3,3,6,12,0,0,0,0,0,36,21
Ryan Strome,EDM,C,11,0,0,0,-1,10,14,0,0,0,0,0,18,3
Matt Irwin,NSH,D,1,0,0,0,1,0,0,0,0,0,0,0,3,1
Derek Grant,PIT,C,3,0,0,0,0,0,2,0,0,0,0,0,6,1
Mark Borowiecki,OTT,D,9,0,0,0,-4,26,8,0,0,0,0,0,33,14
Stephen Gionta,NYI,C,1,0,0,0,-1,0,1,0,0,0,0,0,3,0
Jake Muzzin,LA,D,11,0,3,3,-4,11,14,0,0,0,0,0,17,20
Brian Gibbons,ANH,C,10,0,0,0,-3,2,9,0,0,0,0,0,11,5
Patrik Nemeth,COL,D,9,0,1,1,2,4,6,0,0,0,0,0,16,15
Johan Larsson,BUF,C,6,0,1,1,-2,2,4,0,0,0,0,0,7,5
Oscar Lindberg,VGK,C,6,0,0,0,-3,2,7,0,0,0,0,0,7,2
Anthony Peluso,CGY,RW,2,0,0,0,0,0,1,0,0,0,0,0,2,0
Alex Petrovic,FLA,D,10,0,1,1,1,18,21,0,0,0,0,0,33,21
Derek Forbort,LA,D,10,0,2,2,0,6,4,0,0,0,0,0,10,15
Jon Merrill,VGK,D,12,0,1,1,0,21,13,0,0,0,0,0,7,13
Martin Marincin,TOR,D,5,0,0,0,0,2,3,0,0,0,0,0,5,5
Mark Pysyk,FLA,D,5,0,2,2,-1,0,6,0,0,0,0,0,9,6
Dale Weise,PHI,RW,9,0,2,2,1,4,10,0,0,0,0,0,21,3
Eric Gryba,NJ,D,2,0,0,0,-1,2,0,0,0,0,0,0,1,6
Erik Gudbranson,VAN,D,14,0,2,2,-2,27,17,0,0,0,0,0,28,16
Nino Niederreiter,MIN,RW,12,0,5,5,-3,2,22,0,0,1,0,0,15,3
Chris Tanev,VAN,D,10,0,3,3,-4,4,11,0,0,0,0,0,6,24
Cam Fowler,ANH,D,13,0,5,5,0,8,24,0,0,1,0,0,3,38
Tom Pyatt,OTT,C,11,0,0,0,-4,0,8,0,0,0,0,0,8,19
Deryk Engelland,VGK,D,9,0,0,0,-5,2,14,0,0,0,0,0,12,16
Steve Kampfer,BOS,D,5,0,1,1,0,4,5,0,0,1,0,0,7,5
Matt Calvert,COL,LW,12,0,2,2,-2,13,21,0,0,1,0,0,18,9
Nate Prosser,MIN,D,1,0,0,0,0,0,0,0,0,0,0,0,0,0
Justin Braun,SJ,D,12,0,3,3,5,8,14,0,0,1,0,0,16,19
Nick Bonino,NSH,C,12,0,2,2,6,4,7,0,0,0,0,0,1,11
Tyson Barrie,COL,D,12,0,9,9,5,4,27,0,0,5,0,0,3,8
Kevin Connauton,ARI,D,10,0,2,2,8,8,24,0,0,0,0,1,23,10
Nicolas Deslauriers,MON,LW,5,0,0,0,-1,4,3,0,0,0,0,0,21,2
Brayden McNabb,VGK,D,12,0,0,0,-1,4,11,0,0,0,0,0,34,17
Dmitry Orlov,WAS,D,10,0,1,1,-7,2,15,0,0,0,0,0,20,13
Brian Dumoulin,PIT,D,10,0,5,5,8,2,8,0,0,0,0,0,14,14
Erik Karlsson,SJ,D,12,0,7,7,-7,8,36,0,0,4,0,0,11,15
Justin Schultz,PIT,D,4,0,4,4,1,0,2,0,0,1,0,0,1,3
Michael Stone,CGY,D,10,0,4,4,-1,8,8,0,0,0,0,0,18,12
T.J. Brodie,CGY,D,13,0,4,4,3,4,17,0,0,0,0,0,0,15
Ben Lovejoy,NJ,D,6,0,1,1,3,4,3,0,0,0,0,0,3,10
Greg Pateryn,MIN,D,12,0,0,0,-2,12,11,0,0,0,0,0,14,21
Nick Holden,VGK,D,12,0,3,3,0,2,12,0,0,0,0,0,16,15
Jason Demers,ARI,D,11,0,2,2,2,6,13,0,0,0,0,0,12,7
Jay Beagle,VAN,C,5,0,1,1,1,2,3,0,0,0,0,0,7,6
Ryan Ellis,NSH,D,12,0,6,6,7,6,18,0,0,1,0,0,10,24
John Moore,BOS,D,12,0,1,1,7,8,19,0,0,0,0,0,19,14
Calvin de Haan,CAR,D,12,0,1,1,4,8,17,0,0,0,0,0,23,16
Dmitry Kulikov,WPG,D,5,0,1,1,0,4,3,0,0,0,0,0,5,3
Nick Leddy,NYI,D,11,0,3,3,-2,2,8,0,0,2,0,0,17,8
Magnus Paajarvi,OTT,LW,11,0,0,0,-1,0,14,0,0,0,0,0,5,11
Alexander Edler,VAN,D,10,0,5,5,-3,14,21,0,0,3,0,0,16,39
Dan Girardi,TB,D,11,0,3,3,-3,2,10,0,0,0,0,1,24,13
Marc Methot,DAL,D,8,0,0,0,-3,4,0,0,0,0,0,0,11,10
Andrew MacDonald,PHI,D,6,0,1,1,-2,8,6,0,0,0,0,0,9,11
James van Riemsdyk,PHI,LW,2,0,1,1,1,2,1,0,0,0,0,0,0,2
Karl Alzner,MON,D,4,0,0,0,1,0,5,0,0,0,0,0,7,3
Kris Russell,EDM,D,11,0,4,4,4,4,11,0,0,0,0,0,7,35
Andy Greene,NJ,D,9,0,2,2,1,4,9,0,0,0,0,0,8,25
Frans Nielsen,DET,C,11,0,6,6,-7,2,15,0,0,3,0,1,10,5
Erik Johnson,COL,D,12,0,6,6,8,7,27,0,0,0,0,0,15,15
Thomas Hickey,NYI,D,11,0,0,0,6,4,12,0,0,0,0,0,12,15
Kevin Shattenkirk,NYR,D,11,0,3,3,-3,0,22,0,0,1,0,0,7,21
Matt Hendricks,MIN,LW,5,0,0,0,0,7,3,0,0,0,0,0,6,2
Ian Cole,COL,D,12,0,3,3,3,10,13,0,0,0,0,0,12,39
Riley Nash,CLS,C,11,0,2,2,-1,2,10,0,0,0,0,0,10,7
Luke Schenn,ANH,D,7,0,0,0,-5,0,6,0,0,0,0,0,22,8
Michael Del Zotto,VAN,D,6,0,1,1,-1,2,3,0,0,0,0,0,26,5
Luca Sbisa,NYI,D,3,0,1,1,-1,2,0,0,0,0,0,0,2,1
Cody McLeod,NYR,LW,7,0,0,0,-4,14,11,0,0,0,0,0,23,4
Cal Clutterbuck,NYI,RW,9,0,1,1,1,14,9,0,0,0,0,0,22,6
Jason Garrison,EDM,D,6,0,0,0,-1,4,3,0,0,0,0,0,1,7
Niklas Hjalmarsson,ARI,D,11,0,1,1,7,0,9,0,0,0,0,1,4,18
Marc Staal,NYR,D,12,0,1,1,-3,6,15,0,0,0,0,0,13,13
Derek MacKenzie,FLA,C,1,0,0,0,0,0,0,0,0,0,0,0,0,0
Drew Stafford,NJ,RW,2,0,0,0,0,2,3,0,0,0,0,0,1,2
Mike Green,DET,D,3,0,2,2,-2,2,8,0,0,0,0,0,5,3
Kyle Brodziak,EDM,C,10,0,0,0,-5,0,8,0,0,0,0,0,11,11
Nate Thompson,LA,C,11,0,0,0,-5,2,9,0,0,0,0,0,14,11
Paul Stastny,VGK,C,3,0,0,0,0,6,10,0,0,0,0,0,2,2
Adam McQuaid,NYR,D,8,0,2,2,-2,4,3,0,0,0,0,1,18,12
Chris Thorburn,STL,RW,1,0,0,0,0,0,0,0,0,0,0,0,1,0
Marc-Edouard Vlasic,SJ,D,12,0,3,3,-1,0,26,0,0,0,0,0,5,18
Loui Eriksson,VAN,RW,14,0,4,4,-4,4,15,0,0,0,0,0,1,0
David Backes,BOS,RW,7,0,0,0,0,4,8,0,0,0,0,0,11,5
Niklas Kronwall,DET,D,9,0,2,2,-4,4,10,0,0,0,0,0,13,14
Duncan Keith,CHI,D,13,0,7,7,4,0,24,0,0,1,0,0,6,27
Dion Phaneuf,LA,D,11,0,0,0,-7,6,10,0,0,0,0,0,21,20
Joe Thornton,SJ,C,3,0,1,1,0,2,3,0,0,0,0,0,1,1
Dan Hamhuis,NSH,D,7,0,1,1,1,2,2,0,0,0,0,0,3,9
Jay Bouwmeester,STL,D,9,0,2,2,-5,10,7,0,0,0,0,0,3,14
Trevor Daley,DET,D,8,0,2,2,1,2,5,0,0,0,0,0,2,18
Johnny Boychuk,NYI,D,11,0,1,1,2,2,22,0,0,0,0,1,19,20
Chris Kunitz,CHI,LW,12,0,2,2,-5,2,13,0,0,0,0,0,17,1
Sheldon Dries,COL,C,4,0,0,0,0,4,6,0,0,0,0,0,7,2
Sean Walker,LA,D,3,0,1,1,-3,0,5,0,0,0,0,0,1,2
Juuso Riikola,PIT,D,6,0,0,0,-3,4,7,0,0,0,0,0,15,10
Ilya Lyubushkin,ARI,D,4,0,0,0,-2,4,2,0,0,0,0,0,15,2
Bogdan Kiselevich,FLA,D,8,0,1,1,-1,2,3,0,0,0,0,0,5,7
Christian Wolanin,OTT,D,1,0,0,0,-1,0,0,0,0,0,0,0,0,2
Cooper Marody,EDM,C,2,0,0,0,0,0,4,0,0,0,0,0,0,0
Sheldon Rempal,LA,LW,3,0,0,0,-1,0,2,0,0,0,0,0,0,1
Jesperi Kotkaniemi,MON,C,11,0,4,4,1,6,17,0,0,1,0,0,9,3
Isac Lundestrom,ANH,LW,11,0,1,1,0,2,12,0,0,0,0,0,2,4
Igor Ozhiganov,TOR,D,10,0,0,0,-3,4,8,0,0,0,0,0,12,11
Mario Kempe,ARI,LW,4,0,0,0,0,0,4,0,0,0,0,0,8,3
Filip Chytil,NYR,C,12,0,2,2,-1,2,17,0,0,0,0,0,1,3
Urho Vaakanainen,BOS,D,2,0,0,0,-1,0,2,0,0,0,0,0,0,0
Libor Sulak,DET,D,6,0,0,0,-4,6,7,0,0,0,0,0,18,5
Christian Jaros,OTT,D,7,0,1,1,1,2,7,0,0,0,0,0,12,13
Maxim Mamin,FLA,LW,5,0,0,0,0,5,6,0,0,0,0,0,8,1
Jan Rutta,CHI,D,11,0,3,3,-2,4,14,0,0,0,0,0,9,15
Henri Jokiharju,CHI,D,13,0,7,7,4,4,36,0,0,0,0,0,20,14
Troy Terry,ANH,C,6,0,0,0,-1,0,4,0,0,0,0,0,2,4
Adam Gaudette,VAN,C,8,0,1,1,0,0,7,0,0,0,0,0,6,3
Zach Hyman,TOR,RW,12,0,6,6,3,8,19,0,0,0,0,0,22,8
Joel Eriksson Ek,MIN,C,6,0,0,0,0,0,10,0,0,0,0,0,10,3
Denis Malgin,FLA,C,8,0,3,3,0,4,8,0,0,0,0,0,6,4
Andreas Martinsen,CHI,LW,5,0,0,0,-1,6,3,0,0,0,0,0,14,0
Casey Nelson,BUF,D,10,0,1,1,2,2,8,0,0,0,0,0,8,11
Matt Benning,EDM,D,7,0,1,1,-2,2,10,0,0,0,0,0,12,7
Nick Seeler,MIN,D,12,0,0,0,0,9,14,0,0,0,0,0,13,19
Mikhail Sergachev,TB,D,11,0,4,4,2,2,15,0,0,3,0,0,10,18
Nikita Zaitsev,TOR,D,12,0,2,2,-3,2,9,0,0,0,0,0,24,22
Luke Johnson,CHI,C,8,0,1,1,-4,8,10,0,0,1,0,0,17,4
Michal Kempny,WAS,D,8,0,1,1,4,12,9,0,0,0,0,0,11,11
Robert Thomas,STL,C,6,0,1,1,-1,0,3,0,0,0,0,0,0,3
Jaret Anderson-Dolan,LA,C,5,0,1,1,-2,0,6,0,0,0,0,0,5,2
Kristian Vesalainen,WPG,LW,5,0,1,1,0,0,1,0,0,0,0,0,1,1
Oscar Fantenberg,LA,D,4,0,0,0,-3,0,7,0,0,0,0,0,5,4
Jakub Jerabek,STL,D,1,0,0,0,-3,2,1,0,0,0,0,0,0,1
Neal Pionk,NYR,D,10,0,6,6,-8,2,19,0,0,5,0,0,20,26
Vinni Lettieri,NYR,C,8,0,0,0,-5,4,11,0,0,0,0,0,14,7
Christoffer Ehn,DET,C,9,0,1,1,2,4,7,0,0,0,0,0,11,3
Jordan Kyrou,STL,RW,9,0,1,1,-3,2,12,0,0,0,0,0,2,2
Victor Mete,MON,D,9,0,0,0,1,2,8,0,0,0,0,0,1,10
Tage Thompson,BUF,RW,9,0,1,1,-2,2,12,0,0,0,0,0,14,1
Dillon Dube,CGY,C,12,0,2,2,2,0,16,0,0,0,0,0,9,2
Mathieu Joseph,TB,RW,11,0,1,1,-2,2,21,0,0,0,0,1,21,1
Kevin Rooney,NJ,C,3,0,0,0,-1,7,0,0,0,0,0,0,5,1
Dylan Gambrell,SJ,C,1,0,0,0,0,0,0,0,0,0,0,0,0,0
Joey Anderson,NJ,RW,1,0,0,0,0,0,0,0,0,0,0,0,0,0
Tanner Fritz,NYI,LW,2,0,1,1,0,0,2,0,0,0,0,0,2,3
